﻿<?xml version="1.0" encoding="utf-8"?>
<addons>
  <addon>
    <name>Example</name>
    <author>Iryoku</author>
    <description>
      Lorem ipsum dolor sit amet, consectetur adipiscing elit. Duis dolor est,
      tristique vitae lacinia quis, vulputate sit amet mi. Duis lacinia, massa
      at faucibus sagittis.
    </description>
    <bugtracker>https://github.com/IryokuChevalier/Lua/issues</bugtracker>
    <support>http://forums.windower.net/topic/21775-random-question-thread/</support>
  </addon>
  <addon>
    <name>AEcho</name>
    <description>Automatically uses echo drops when you get silenced. Also, uses send to send a message to an alt that you got debuffed.</description>
    <author>Nitrous (Shiva)</author>
    <support>http://mibbit.com/#windower@irc.ffochat.com</support>
    <bugtracker>https://github.com/nitrous24/Lua/issues</bugtracker>
  </addon>
  <addon>
    <name>AnnounceTarget</name>
    <author>JoshK6656, Sechs</author>
    <description>Creates special manual or automatic chat messages conveying advanced information about some specific targets</description>
    <bugtracker>https://github.com/Windower/Lua/issues</bugtracker>
    <support>http://www.ffxiah.com/player/Asura/Sechs</support>
  </addon>
  <addon>
    <name>AnsweringMachine</name>
    <author>Byrth</author>
    <description>Stores tells that you receive for later recall.</description>
    <bugtracker>https://github.com/Byrth/Lua-Byrth/issues</bugtracker>
    <support>http://mibbit.com/#windower@irc.ffochat.com</support>
  </addon>
  <addon>
    <name>AutoControl</name>
    <description>Automated automaton equipment setting and burden tracker.</description>
    <author>Nitrous (Shiva)</author>
    <support>http://mibbit.com/#windower@irc.ffochat.com</support>
    <bugtracker>https://github.com/nitrous24/Lua/issues</bugtracker>
  </addon>
  <addon>
    <name>autoinvite</name>
    <author>r3g1stry</author>
    <description>Automatically invites players when sent a tell with a specified keyword.</description>
    <bugtracker>https://github.com/r3g1stry/Lua/issues</bugtracker>
    <support>http://www.ffxiah.com/user/R3G1STRY</support>
  </addon>
  <addon>
    <name>AutoJoin</name>
    <author>Arcon</author>
    <description>Automatically joins or declines party invites. Configurable with blacklist/whitelist mode and auto-decline settings.</description>
    <bugtracker>https://github.com/z16/Lua/issues</bugtracker>
    <support>http://www.ffxiah.com/player/Leviathan/Arcon</support>
  </addon>
  <addon>
    <name>AutoLockstyle</name>
    <author>Bangerang</author>
    <description>Automatically uses lockstyle command upon zoning, excluding cities. Optionally, use a gear set defined in a gearswap lua.</description>
    <bugtracker>https://github.com/z16/Lua/issues</bugtracker>
    <support>http://www.ffxiah.com/player/Asura/Bangerang</support>
  </addon>
  <addon>
    <name>AutoRA</name>
    <author>Banggugyangu</author>
    <description>Causes Ranged Attacks to behave the same as melee Auto-Attack.</description>
    <bugtracker>https://github.com/banggugyangu/Lua/issues</bugtracker>
  </addon>
  <addon>
    <name>AzureSets</name>
    <description>Automated blue magic spell setting.</description>
    <author>Nitrous (Shiva)</author>
    <support>http://mibbit.com/#windower@irc.ffochat.com</support>
    <bugtracker>https://github.com/nitrous24/Lua/issues</bugtracker>
  </addon>
  <addon>
    <name>BarFiller</name>
    <description>Displays an experience bar above the Help Window.</description>
    <author>Morath</author>
    <support>http://forums.windower.net/index.php?/topic/807-barfiller</support>
    <bugtracker>https://github.com/Morath86/Issues</bugtracker>
  </addon>
  <addon>
    <name>BattleMod</name>
    <author>Byrth</author>
    <description>Customizes battle chat messages.</description>
    <bugtracker>https://github.com/Byrth/Lua-Byrth/issues</bugtracker>
    <support>http://mibbit.com/#windower@irc.ffochat.com</support>
  </addon>
  <addon>
    <name>Blist</name>
    <author>Ikonic</author>
    <description>More detailed blist with tiered display options.  Allows for blist to be active on any or all of several chat types.</description>
    <bugtracker>https://github.com/Icinoki/Lua/issues</bugtracker>
    <support>http://www.ffxiah.com/player/Ragnarok/Ikonic</support>
  </addon>
  <addon>
    <name>bluGuide</name>
    <author>Anissa</author>
    <description>Change your blue magic on the fly with this clickable menu.  Sort your spells by traits, buffs, procs, and more.</description>
    <bugtracker>https://github.com/AniAniBobbani/Lua/issues</bugtracker>
    <support>http://www.ffxiah.com/player/Cerberus/Anissa</support>
  </addon>
  <addon>
    <name>boxdestroyer</name>
    <author>Seth VanHeulen (Acacia@Odin)</author>
    <description>Tracks and displays info about possible combinations for treasure caskets.</description>
    <bugtracker>https://github.com/svanheulen/boxdestroyer-windower-addon/issues</bugtracker>
    <support>http://www.ffxiah.com/player/Odin/Acacia</support>
  </addon>
  <addon>
    <name>Cancel</name>
    <author>Byrth</author>
    <description>Mimics the cancel plugin, but also accepts buff names instead of just IDs.</description>
    <bugtracker>https://github.com/Byrth/Lua-Byrth/issues</bugtracker>
    <support>http://mibbit.com/#windower@irc.ffochat.com</support>
  </addon>
  <addon>
    <name>cBlock</name>
    <description>Blacklist addon for FFOChat.</description>
    <author>Nitrous (Shiva)</author>
    <support>http://mibbit.com/#windower@irc.ffochat.com</support>
    <bugtracker>https://github.com/nitrous24/Lua/issues</bugtracker>
  </addon>
  <addon>
    <name>CellHelp</name>
    <author>Krizz and Balloon</author>
    <description>Tracks cells that are needed, displays your position in the lot order, and creates the appropriate LL profiles.</description>
    <bugtracker>https://github.com/tehkrizz/Lua/issues</bugtracker>
    <support>http://www.ffxiah.com/player/Bahamut/Krizz</support>
  </addon>
  <addon>
    <name>chars</name>
    <author>Giuliano Riccio (Zohno@Phoenix)</author>
    <description>Lets you input special chars using simple tags (ex.: &lt;note&gt; for ♪).</description>
    <bugtracker>https://github.com/giulianoriccio/Lua/issues</bugtracker>
    <support>http://www.ffxiah.com/player/Phoenix/Zohno</support>
  </addon>
  <addon>
    <name>ChatLink</name>
    <author>Arcon</author>
    <description>Allows opening links posted into the FFXI chat.</description>
    <bugtracker>https://github.com/z16/Lua/issues</bugtracker>
    <support>http://www.ffxiah.com/player/Leviathan/Arcon</support>
  </addon>
  <addon>
    <name>ChatPorter</name>
    <author>Ikonic</author>
    <description>Displays tell, party, and linkshell chat to alternate character and optional textbox.  Also, allows you to reply from either character.</description>
    <bugtracker>https://github.com/Icinoki/Lua/issues</bugtracker>
    <support>http://www.ffxiah.com/player/Ragnarok/Ikonic</support>
  </addon>
  <addon>
    <name>Clock</name>
    <author>Arcon</author>
    <description>Displays an on-screen clock in a custom format with options to display several different time zones.</description>
    <bugtracker>https://github.com/z16/Lua/issues</bugtracker>
    <support>http://www.ffxiah.com/player/Leviathan/Arcon</support>
  </addon>
  <addon>
    <name>ConsoleBG</name>
    <author>Arcon</author>
    <description>Displays a dark (by default) background behind the Windower console to make it more readable.</description>
    <bugtracker>https://github.com/z16/Lua/issues</bugtracker>
    <support>http://www.ffxiah.com/player/Leviathan/Arcon</support>
  </addon>
  <addon>
    <name>digger</name>
    <author>Seth VanHeulen (Acacia@Odin)</author>
    <description>Displays Chocobo digging accuracy, fatigue and remaining greens after each dig. Also shows dig "recast" timer using the Timers plugin.</description>
    <bugtracker>https://github.com/svanheulen/digger-windower-addon/issues</bugtracker>
    <support>http://www.ffxiah.com/player/Odin/Acacia</support>
  </addon>
  <addon>
    <name>Distance</name>
    <author>Arcon</author>
    <description>Shows the distance to your current target.</description>
    <bugtracker>https://github.com/z16/Lua/issues</bugtracker>
    <support>http://www.ffxiah.com/player/Leviathan/Arcon</support>
  </addon>
  <addon>
    <name>DressUp</name>
    <author>Cairthenn</author>
    <description>Emulates BlinkMeNot functionality. Allows for customization of gear display for you or anyone else.</description>
    <bugtracker>https://github.com/cairface/Lua/issues</bugtracker>
    <support>http://www.bluegartr.com/members/34070-Cairthenn</support>
  </addon>
  <addon>
    <name>DynamisHelper</name>
    <description>Displays a timer when a mob is procced, tracks currency obtained, and can create a LL to lot all currency.</description>
    <bugtracker>https://github.com/tehkrizz/Lua/issues</bugtracker>
    <support>http://www.ffxiah.com/player/Bahamut/Krizz</support>
  </addon>
  <addon>
    <name>Enemybar</name>
    <author>mmckee</author>
    <description>This is an addon for Windower4 for FFXI. It creates a big health bar for the target to make it easy to see.</description>
    <bugtracker>https://github.com/mjmckee/Lua/issues</bugtracker>
    <support>http://www.ffxiah.com/player/Ragnarok/Pesche</support>
  </addon>
  <addon>
    <author>Giuliano Riccio (Zohno@Phoenix)</author>
    <name>enternity</name>
    <description>Enters "Enter" automatically when prompted during a cutscene or when talking to NPCs. It will not skip choice dialog boxes.</description>
    <bugtracker>https://github.com/giulianoriccio/Lua/issues</bugtracker>
    <support>http://www.ffxiah.com/player/Phoenix/Zohno</support>
  </addon>
  <addon>
    <name>eval</name>
    <author>Aureus</author>
    <description>Allows developers to run arbitrary lua code in the console.</description>
    <bugtracker>https://github.com/Windower/Lua/issues</bugtracker>
    <support>http://mibbit.com/#windower@irc.ffochat.com</support>
  </addon>
  <addon>
    <name>FastCS</name>
    <author>Cairthenn</author>
    <description>Dramatically speeds up cutscenes by disabling the frame rate cap. Requires the config plugin.</description>
    <bugtracker>https://github.com/cairface/Lua/issues</bugtracker>
    <support>http://mibbit.com/#windower@irc.ffochat.com</support>
  </addon>
  <addon>
    <name>FFOColor</name>
    <author>Nitrous (Shiva)</author>
    <description>Allows you to show FFOChat text in one of the 5 game chat channels. As well as specify colors for the text</description>
    <bugtracker>https://github.com/nitrous24/Lua/issues</bugtracker>
    <support>http://mibbit.com/#windower@irc.ffochat.com</support>
  </addon>
  <addon>
    <name>findAll</name>
    <author>Giuliano Riccio (Zohno@Phoenix)</author>
    <description>Searches items stored on all your characters and allows live on-screen tracking of specified items.</description>
    <bugtracker>https://github.com/giulianoriccio/Lua/issues</bugtracker>
    <support>http://www.ffxiah.com/player/Phoenix/Zohno</support>
  </addon>
  <addon>
    <name>Gametime</name>
    <author>Omnys@Valefor</author>
    <description>Displays game time, game-week, moon information, and travel times.</description>
    <bugtracker>https://github.com/thatdudegrim/Lua/issues</bugtracker>
    <support>http://www.ffxiah.com/player/Valefor/Omnys</support>
  </addon>
  <addon>
    <name>GearSwap</name>
    <author>Byrth</author>
    <description>Changes gear in response to player actions. [[Uses Packets.]]</description>
    <bugtracker>https://github.com/Byrth/Lua-Byrth/issues</bugtracker>
  </addon>
  <addon>
    <name>Highlight</name>
    <description>Highlights party members names when mentioned in the chatlog.</description>
    <author>Balloon</author>
    <bugtracker>https://github.com/Podginator/Lua/issues</bugtracker>
    <support>Podginator@gmail.com</support>
  </addon>
  <addon>
    <name>instaLS</name>
    <author>Byrth</author>
    <description>Enables instant linkshell chat after zoning.</description>
    <bugtracker>https://github.com/Byrth/Lua-Byrth/issues</bugtracker>
    <support>http://mibbit.com/#windower@irc.ffochat.com</support>
  </addon>
  <addon>
    <name>InfoReplacer</name>
    <author>Cairthenn</author>
    <description>Replaces outgoing text prefixed by % with respective game information.</description>
    <bugtracker>https://github.com/cairface/Lua/issues</bugtracker>
    <support>http://www.bluegartr.com/members/34070-Cairthenn</support>
  </addon>
  <addon>
    <name>Itemizer</name>
    <author>Ihina</author>
    <description>Use commands to move items and gear between bags.</description>
    <bugtracker>https://github.com/Jayjs20/Lua/issues</bugtracker>
    <support>http://www.ffxiah.com/player/Bismarck/Ihina</support>
  </addon>
  <addon>
    <name>latentchecker</name>
    <author>byrth,smd111</author>
    <description>Checks weapon skill points of weapon skill trial weapons and mythic weapons</description>
    <bugtracker>https://github.com/smd111/LatentChecker/issues</bugtracker>
    <support>https://github.com/smd111/LatentChecker/issues</support>
  </addon>
  <addon>
    <name>Linker</name>
    <author>Arcon</author>
    <description>Allows opening links to certain websites from within the game, with an optional search parameter.</description>
    <bugtracker>https://github.com/z16/Lua/issues</bugtracker>
    <support>http://www.ffxiah.com/player/Leviathan/Arcon</support>
  </addon>
  <addon>
    <name>Logger</name>
    <author>Arcon</author>
    <description>Logs the chat log to a file.</description>
    <bugtracker>https://github.com/z16/Lua/issues</bugtracker>
    <support>http://www.ffxiah.com/player/Leviathan/Arcon</support>
  </addon>
  <addon>
    <name>Lottery</name>
    <author>Arcon</author>
    <description>Automatically passes an item on all accounts if lotted by another.</description>
    <bugtracker>https://github.com/z16/Lua/issues</bugtracker>
    <support>http://www.ffxiah.com/player/Leviathan/Arcon</support>
  </addon>
  <addon>
    <name>MacroChanger</name>
    <author>Banggugyangu</author>
    <description>Automatically switches Macro Book and Page according to job changes.</description>
    <bugtracker>https://github.com/banggugyangu/Lua/issues</bugtracker>
    <support>http://mibbit.com/#windower@irc.ffochat.com</support>
  </addon>
  <addon>
    <name>MobCompass</name>
    <description>A compass to show your position relative to the target (not players) for geo and has a setup for Sneak attack</description>
    <support>http://mibbit.com/#windower@irc.ffochat.com</support>
  </addon>
  <addon>
    <name>Nostrum</name>
    <description>Creates a click-able on-screen macro to help avoid targeting problems while curing.</description>
    <author>trv</author>
    <support>http://mibbit.com/#windower@irc.ffochat.com</support>
    <bugtracker>https://github.com/trv6/Lua/issues</bugtracker>
  </addon>
  <addon>
    <name>obiaway</name>
    <description>Automatically collect and remove elemental obi based on day/weather/storm conditions.</description>
    <support>http://mibbit.com/#windower@irc.ffochat.com</support>
  </addon>
  <addon>
    <name>Omen</name>
    <author>Braden, Sechs</author>
    <description>Tracks primary and secondary objectives within the Omen event in a customizable on-screen window</description>
    <bugtracker>https://github.com/Windower/Lua/issues</bugtracker>
    <support>http://www.ffxiah.com/player/Asura/Sechs</support>
  </addon>
  <addon>
    <name>OhShi</name>
    <description>Keeps track of various event related things. Such as, VW proc messages, mob casting, mob tp moves, TH procs and cor rolls, as well as others.</description>
    <author>Nitrous (Shiva)</author>
    <support>http://mibbit.com/#windower@irc.ffochat.com</support>
    <bugtracker>https://github.com/nitrous24/Lua/issues</bugtracker>
  </addon>
  <addon>
    <name>Organizer</name>
    <description>A multi-purpose inventory management solution. Similar to GearCollector.</description>
    <author>Byrth, Rooks</author>
    <support>http://mibbit.com/#windower@irc.ffochat.com</support>
    <bugtracker>https://github.com/Byrth/Lua-Byrth/issues</bugtracker>
  </addon>
  <addon>
    <name>pet_fix</name>
    <author>Byrth</author>
    <description>Temporary addon that fixes a null pointer animation error with pets that is causing crashes.</description>
    <bugtracker>https://github.com/Byrth/Lua-Byrth/issues</bugtracker>
    <support>http://mibbit.com/#windower@irc.ffochat.com</support>
  </addon>
  <addon>
    <name>PetSchool</name>
    <author>Banggugyangu</author>
    <description>A helper addon for PUPs using spellcast, it informs spellcast of pet casting (healing or nuking).</description>
    <bugtracker>https://github.com/Windower/Lua/issues</bugtracker>
    <support>http://mibbit.com/#windower@irc.ffochat.com</support>
  </addon>
  <addon>
    <name>PetTP</name>
    <author>SnickySnacks</author>
    <description>Tracks pet vitals (HP/TP/MP)</description>
    <bugtracker>https://github.com/Windower/Lua/issues</bugtracker>
    <support>http://mibbit.com/#windower@irc.ffochat.com</support>
  </addon>
  <addon>
    <name>plasmon</name>
    <author>Giuliano Riccio (Zohno@Phoenix)</author>
    <description>tracks plasm, killed mobs and dropped airlixirs during a delve.</description>
    <bugtracker>https://github.com/giulianoriccio/Lua/issues</bugtracker>
    <support>http://www.ffxiah.com/player/Phoenix/Zohno</support>
  </addon>
  <addon>
    <name>plugin_manager</name>
    <author>Byrth</author>
    <description>Allows you to specify which plugins and addons will be used with which characters.</description>
    <bugtracker>https://github.com/Byrth/Lua-Byrth/issues</bugtracker>
    <support>http://mibbit.com/#windower@irc.ffochat.com</support>
    </addon>
  <addon>
    <name>PointWatch</name>
    <author>Byrth</author>
    <description>Allows you to monitor your XP/CP gains and keep track of the Dynamis time limit.</description>
    <bugtracker>https://github.com/Byrth/Lua-Byrth/issues</bugtracker>
    <support>http://mibbit.com/#windower@irc.ffochat.com</support>
  </addon>
  <addon>
    <name>porter</name>
    <author>Giuliano Riccio (Zohno@Phoenix)</author>
    <description>Shows the slips' items highlighting those that are stored.</description>
    <bugtracker>https://github.com/giulianoriccio/Lua/issues</bugtracker>
    <support>http://www.ffxiah.com/player/Phoenix/Zohno</support>
  </addon>
  <addon>
    <name>Pouches</name>
    <author>Omnys@Valefor</author>
    <description>Simple addon to use all of a named item in player's main inventory, like //pouches bead pouch.</description>
    <bugtracker>https://github.com/thatdudegrim/Lua/issues</bugtracker>
    <support>http://www.ffxiah.com/player/Valefor/Omnys</support>
  </addon>
  <addon>
    <name>RAWR</name>
    <author>Genoxd</author>
    <description>Plays a sound effect when your unity leader says something about dragons spawning.</description>
    <bugtracker>https://github.com/geno3302/Lua</bugtracker>
    <support>http://www.ffxiah.com/player/Lakshmi/Genoxd</support>
  </addon>
  <addon>
    <name>reive</name>
    <author>Giuliano Riccio (Zohno@Phoenix)</author>
    <description>Tracks exp, bayld, momentum scores and bonuses during a reive.</description>
    <bugtracker>https://github.com/giulianoriccio/Lua/issues</bugtracker>
    <support>http://www.ffxiah.com/player/Phoenix/Zohno</support>
  </addon>
  <addon>
    <name>Remember</name>
    <author>Byrth</author>
    <description>Should request spawn packets for players / mobile NPCs that failed to spawn.</description>
    <bugtracker>https://github.com/Byrth/Lua-Byrth/issues</bugtracker>
    <support>http://mibbit.com/#windower@irc.ffochat.com</support>
  </addon>
  <addon>
    <name>Respond</name>
    <author>Byrth</author>
    <description>Respond to tells and FFOchat PMs using //r.</description>
    <bugtracker>https://github.com/Byrth/Lua-Byrth/issues</bugtracker>
    <support>http://mibbit.com/#windower@irc.ffochat.com</support>
  </addon>
  <addon>
    <name>Rhombus</name>
    <description>Creates a highly customizable, click-able, on-screen menu.</description>
    <author>trv</author>
    <support>http://mibbit.com/#windower@irc.ffochat.com</support>
    <bugtracker>https://github.com/trv6/Lua/issues</bugtracker>
  </addon>
  <addon>
    <name>RollTracker</name>
    <author>Balloon</author>
    <description>Simplifies Cor rolls, tells you the bonus they give, stops you from doubling up on lucky rolls and reports your chance to bust.</description>
    <bugtracker>https://github.com/Podginator/Lua/issues</bugtracker>
    <support>Podginator@gmail.com</support>
  </addon>
  <addon>
    <name>salvage2</name>
    <author>Krizz</author>
    <description>Displays pathos that have not been removed in Salvage 2. Displays zone timer.</description>
    <bugtracker>https://github.com/tehkrizz/Lua/issues</bugtracker>
    <support>http://www.ffxiah.com/player/Bahamut/Krizz</support>
  </addon>
  <addon>
    <name>SATACast</name>
    <author>Banggugyangu</author>
    <description>Informs Spellcast about changes to Sneak Attack and Trick Attack status.</description>
    <bugtracker>https://github.com/banggugyangu/Lua/issues</bugtracker>
    <support>http://mibbit.com/#windower@irc.ffochat.com</support>
  </addon>
  <addon>
    <name>Scoreboard</name>
    <author>Suji</author>
    <description>Basic in-game damage parser. It displays live DPS and works even when chat filters are enabled.</description>
    <bugtracker>https://github.com/jerryhebert/Lua/issues</bugtracker>
    <support>http://mibbit.com/#windower@irc.ffochat.com</support>
  </addon>
  <addon>
    <name>setbgm</name>
    <author>Seth VanHeulen (Acacia@Odin)</author>
    <description>Set your background/battle/other music to any music in the game.</description>
    <bugtracker>https://github.com/svanheulen/setbgm-windower-addon/issues</bugtracker>
    <support>http://www.ffxiah.com/player/Odin/Acacia</support>
  </addon>
  <addon>
    <name>Shortcuts</name>
    <author>Byrth</author>
    <description>Applys spellcast-like command completion (interpretation and target completion) to commands. Includes emotes, /check, and /pcmd.</description>
    <bugtracker>https://github.com/Byrth/Lua-Byrth/issues</bugtracker>
    <support>http://mibbit.com/#windower@irc.ffochat.com</support>
  </addon>
  <addon>
    <name>Silence</name>
    <author>Ihina</author>
    <description>Eliminates the flood of equipment change messages.</description>
    <bugtracker>https://github.com/Jayjs20/Lua/issues</bugtracker>
    <support>http://www.ffxiah.com/player/Bismarck/Ihina</support>
  </addon>
  <addon>
    <name>ShoutHelper</name>
    <author>Jandel</author>
    <description>Help managing party job in an alliance shout. Displays a in-game editable list (initially empty) in which one can set job and players</description>
    <bugtracker>https://github.com/Jandella/Lua/issues</bugtracker>
    <support>http://www.ffxiah.com/player/Ragnarok/Jandel</support>
  </addon>
  <addon>
    <name>Send</name>
    <author>Byrth</author>
    <description>Sends commands between windower instances using IPC.</description>
    <bugtracker>https://github.com/Windower/Lua/issues</bugtracker>
    <support>http://mibbit.com/#windower@irc.ffochat.com</support>
  </addon>
  <addon>
    <name>SpeedChecker</name>
    <author>Arcon</author>
    <description>Displays a small box indicating your current movement speed modifier (+/- X%).</description>
    <bugtracker>https://github.com/z16/Lua/issues</bugtracker>
    <support>http://www.ffxiah.com/player/Leviathan/Arcon</support>
  </addon>
  <addon>
    <name>SpellCheck</name>
    <author>Damien Dennehy (Zubis@Asura)</author>
    <description>This addon lists spells you haven't unlocked yet.</description>
    <bugtracker>https://github.com/DamienDennehy/Lua/issues</bugtracker>
    <support>http://www.ffxiah.com/player/Asura/Zubis</support>
  </addon>
  <addon>
    <name>StaggerTrack</name>
    <author>Nitrous (Shiva)</author>
    <description>Catches voidwatch weakness messages and prints them to a textbox in case you miss them in the battle spam.</description>
    <bugtracker>https://github.com/nitrous24/Lua/issues</bugtracker>
    <support>http://mibbit.com/#windower@irc.ffochat.com</support>
  </addon>
  <addon>
    <name>STNA</name>
    <author>Nitrous (Shiva)</author>
    <description>One-button status removal for dual boxing.</description>
    <bugtracker>https://github.com/nitrous24/Lua/issues</bugtracker>
    <support>http://mibbit.com/#windower@irc.ffochat.com</support>
  </addon>
  <addon>
    <name>stopwatch</name>
    <author>Patrick Finnigan (Puhfyn@Ragnarok)</author>
    <description>Timer that counts up and allows you to track time since events e.g. spawns.</description>
    <bugtracker>https://github.com/finnigantime/Lua/issues</bugtracker>
    <support>http://www.ffxiah.com/player/Ragnarok/Puhfyn</support>
  </addon>
  <addon>
    <name>StratHelper</name>
    <author>Ihm</author>
    <description>A simple helper addon for Spellcast for Scholar Stratagems. It will automatically calculate the number of stratagems you have and push them into spellcast variables.</description>
    <bugtracker>https://github.com/Windower/Lua/issues</bugtracker>
    <support>http://mibbit.com/#windower@irc.ffochat.com</support>
  </addon>
  <addon>
    <name>subTarget</name>
    <author>Sebyg666</author>
    <description>Enhances the usage of the send addon by allowing a stal or stpc or st target to be sent as the spell recipient. This removes the need for multiple macros for the same spell.</description>
    <bugtracker>https://github.com/sebyg666/Lua/issues</bugtracker>
    <support>https://github.com/sebyg666/Lua/tree/4.1-dev/addons/SubTarget</support>
  </addon>
  <addon>
    <name>TargetInfo</name>
    <author>Arcon</author>
    <description>Displays information about your current target in memory.</description>
    <bugtracker>https://github.com/z16/Lua/issues</bugtracker>
    <support>http://www.ffxiah.com/player/Leviathan/Arcon</support>
  </addon>
  <addon>
    <name>Text</name>
    <author>Arcon</author>
    <description>Allows creating and manipulating on-screen text objects through Windower commands.</description>
    <bugtracker>https://github.com/z16/Lua/issues</bugtracker>
    <support>http://www.ffxiah.com/player/Leviathan/Arcon</support>
  </addon>
  <addon>
    <name>Treasury</name>
    <author>Arcon</author>
    <description>Lots or passes items based on configurable lists, drops unwanted items from the inventory and automatically stacks items when they drop.</description>
    <bugtracker>https://github.com/z16/Lua/issues</bugtracker>
    <support>http://www.ffxiah.com/player/Leviathan/Arcon</support>
  </addon>
  <addon>
    <name>thtracker</name>
    <author>Krizz</author>
    <description>Displays latest TH level from chat.</description>
    <bugtracker>https://github.com/tehkrizz/Lua/issues</bugtracker>
    <support>http://www.ffxiah.com/player/Bahamut/Krizz</support>
  </addon>
  <addon>
    <name>timestamp</name>
    <author>Giuliano Riccio (Zohno@Phoenix)</author>
    <description>Prefixes any chat message with a timestamp. Based on Timestamp plugin.</description>
    <bugtracker>https://github.com/giulianoriccio/Lua/issues</bugtracker>
    <support>http://www.ffxiah.com/player/Phoenix/Zohno</support>
  </addon>
  <addon>
    <name>TParty</name>
    <author>Arcon</author>
    <description>Shows a target's HP percentage next to their health bar as well as party/alliance members's TP.</description>
    <bugtracker>https://github.com/z16/Lua/issues</bugtracker>
    <support>http://www.ffxiah.com/player/Leviathan/Arcon</support>
  </addon>
  <addon>
    <name>translate</name>
    <author>Byrth</author>
    <description>Gives a rough JP->EN translation using the resources and custom dictionaries.</description>
    <bugtracker>https://github.com/Byrth/Lua-Byrth/issues</bugtracker>
    <support>http://mibbit.com/#windower@irc.ffochat.com</support>
  </addon>
  <addon>
    <name>TreasurePool</name>
    <author>Kenshi</author>
    <description>Replacement for the Treasure Pool thats shows time till the item auto drop and who is the current winning lot.</description>
    <bugtracker>https://github.com/KenshiDRK/Lua/issues</bugtracker>
    <support>https://www.ffxiah.com/player/Ragnarok/Kenshi</support>
  </addon>
  <addon>
    <name>Update</name>
    <author>Arcon</author>
    <description>Updates and reloads all plugins and addons when typing //update.</description>
    <bugtracker>https://github.com/z16/Lua/issues</bugtracker>
    <support>http://www.ffxiah.com/player/Leviathan/Arcon</support>
  </addon>
  <addon>
    <name>VisibleFavor</name>
    <author>Seth VanHeulen (Acacia@Odin)</author>
    <description>Displays a GEO bubble around your avatar to visualize Favor/Ward ranges.</description>
    <bugtracker>https://github.com/svanheulen/visiblefavor-windower-addon/issues</bugtracker>
    <support>http://www.ffxiah.com/player/Odin/Acacia</support>
  </addon>
  <addon>
    <name>vwhl</name>
    <author>Giuliano Riccio (Zohno@Phoenix)</author>
    <description>Redirects the nm's weaknesses (VW or Abyssea) to the "tell" stream so that they can be held using the chat filters' function and highlights the important info.</description>
    <bugtracker>https://github.com/giulianoriccio/Lua/issues</bugtracker>
    <support>http://www.ffxiah.com/player/Phoenix/Zohno</support>
  </addon>
  <addon>
    <name>Yush</name>
    <author>Arcon</author>
    <description>A file-based macro engine</description>
    <bugtracker>https://github.com/z16/Lua/issues</bugtracker>
    <support>http://www.ffxiah.com/player/Leviathan/Arcon</support>
  </addon>
  <addon>
    <name>zonetimer</name>
    <author>Ihina</author>
    <description>Displays the amount of time one has been in zone.  Original by Krellion.</description>
    <bugtracker>https://github.com/Jayjs20/Lua/issues</bugtracker>
    <support>http://www.ffxiah.com/player/Bismarck/Ihina</support>
  </addon>
</addons>
