<update>
  <launcher>
    <version>4.2.5566.37379</version>
  </launcher>
  <hook>
    <version>4.2.13.11</version>
  </hook>
  <plugins>
    <plugin>
      <name>LuaCore</name>
      <version>2.0.4.9</version>
      <required>true</required>
      <resources>true</resources>
    </plugin>
    <plugin>
      <name>AutoExec</name>
      <version>2.8.1.8</version>
      <description>
        Automatically run Windower commands in response to events.
      </description>
    </plugin>
    <plugin>
      <name>Bidder</name>
      <version>1.4.1.10</version>
      <description>
        Open auction and delivery box menus anywhere.
      </description>
      <hidden>true</hidden>
    </plugin>
    <plugin>
      <name>Binder</name>
      <version>1.4.2.2</version>
      <description>
        Bind to the macro keys on your gaming keyboard or mouse.
      </description>
    </plugin>
    <plugin>
      <name>ChatMon</name>
      <version>1.10.0.5</version>
      <description>
        Adds an audible alert in response to chat events.
      </description>
    </plugin>
    <plugin>
      <name>Config</name>
      <version>2.0.1.3</version>
      <description>
        Adds several configuration options that are automatically applied to characters during play.
      </description>
    </plugin>
    <plugin>
      <name>DelayMeNot</name>
      <version>1.0.0.3</version>
      <description>
        Removes the default delay for the macro bar with keyboard controls.
      </description>
    </plugin>
    <plugin>
      <name>FFOChat</name>
      <version>1.1.1.2</version>
      <description>
        Chat on the FFOChat IRC server.
      </description>
    </plugin>
    <plugin>
      <name>FFXIDB</name>
      <version>0.9.2.13</version>
      <description>
        Displays an in-game minimap.
      </description>
    </plugin>
    <plugin>
        <name>FishingCrashFix</name>
        <version>1.0.0.2</version>
        <description>
          Fixes the fishing crash introduced in the March 17 fishing update.
        </description>
    </plugin>
    <plugin>
      <name>Guildwork</name>
      <version>1.4.3.2</version>
      <description>
        Interface with guildwork.com
      </description>
    </plugin>
    <plugin>
      <name>IME</name>
      <version>1.2.1.6</version>
      <description>
        Allows typing in Japanese using the Windows input method editor.
      </description>
    </plugin>
    <plugin>
      <name>InfoBar</name>
      <version>1.2.0.16</version>
      <resources>true</resources>
      <description>
        Displays a configurable bar showing information on your targets.
      </description>
    </plugin>
    <plugin>
      <name>JaZero</name>
      <version>1.2.2.15</version>
      <hidden>true</hidden>
      <description>
        Eliminates the job ability lock.
      </description>
    </plugin>
    <plugin>
      <name>LightLuggage</name>
      <version>4.0.1.3</version>
      <resources>true</resources>
      <description>
        Automatically stack items in your inventory and lot or pass items.
      </description>
    </plugin>
    <plugin>
      <name>Run</name>
      <version>1.3.1.5</version>
      <description>
        Start or stop external applications through Windower.
      </description>
    </plugin>
    <plugin>
      <name>Sandbox</name>
      <version>1.0.1.11</version>
      <description>
        Fix multiboxing issues by sandboxing elements shared between instances.
      </description>
    </plugin>
    <plugin>
      <name>SSOrganizer</name>
      <version>1.5.1.8</version>
      <description>
        Organizes screenshots based on character and area.
      </description>
    </plugin>
    <plugin>
      <name>StatusTimer</name>
      <version>1.2.3.2</version>
      <description>
        Displays buff timers below your status effects.
      </description>
    </plugin>
    <plugin>
      <name>Tickle</name>
      <version>1.1.2.5</version>
      <description>
        Displays the time remaining until your next resting tick.
      </description>
    </plugin>
    <plugin>
      <name>Timers</name>
      <version>3.7.4.22</version>
      <resources>true</resources>
      <description>
        Tracks ability and spell recast timers, as well as durations on buffs that you cast.
      </description>
    </plugin>
    <plugin>
      <name>WeatherMon</name>
      <version>1.0.1.11</version>
      <description>
        Track and play alerts based on weather changes.
      </description>
    </plugin>
    <plugin>
      <name>WinControl</name>
      <version>1.6.1.7</version>
      <description>
        Manually control window positioning.
      </description>
    </plugin>
  </plugins>
  <libs>
    <lib>
      <name>test</name>
      <version>1.0.0.0</version>
    </lib>
  </libs>
</update>

