﻿<?xml version="1.0" encoding="utf-8"?>
<manifest>
  <file>ability_recasts</file>
  <file>action_messages</file>
  <file>augments</file>
  <file>auto_translates</file>
  <file>bags</file>
  <file>buffs</file>
  <file>chat</file>
  <file>check_ratings</file>
  <file>days</file>
  <file>elements</file>
  <file>emotes</file>
  <file>encumbrance</file>
  <file>item_descriptions</file>
  <file>items</file>
  <file>job_abilities</file>
  <file>job_points</file>
  <file>job_traits</file>
  <file>jobs</file>
  <file>key_items</file>
  <file>merit_points</file>
  <file>monster_abilities</file>
  <file>monstrosity</file>
  <file>moon_phases</file>
  <file>mounts</file>
  <file>races</file>
  <file>regions</file>
  <file>servers</file>
  <file>skills</file>
  <file>slots</file>
  <file>spells</file>
  <file>statuses</file>
  <file>synth_ranks</file>
  <file>titles</file>
  <file>weapon_skills</file>
  <file>weather</file>
  <file>zones</file>
</manifest>